inhib_strength,w_init_lo,w_init_hi,nu_plus,nu_minus,poisson_rate_scale,thresh_init,tau_val,refrac_val,vt_mean,vt_jitter,w_clip_min,w_clip_max,N_train,proxy_score,spikes_per_sample,winners_unique,winner_HHI,energy_proxy_per_sample,runtime_sec
0.675,0.45,0.7,0.0001,-0.001,0.014,0.34,150.0,2.0,0.35,0.02,0.0,1.0,400,0.272,120.34,81,0.017,1618.7,71.82
0.5,0.25,0.6,0.0001,-0.001,0.012,0.34,150.0,2.0,0.35,0.02,0.0,1.0,400,0.433,17.43,46,0.049,1313.2,72.63
0.6,0.25,0.4,0.0001,-0.001,0.009,0.32,150.0,2.0,0.35,0.02,0.0,1.0,400,0.0,0.02,0,0.0,993.7,69.63
0.65,0.45,0.9,0.0001,-0.001,0.014,0.4,150.0,2.0,0.35,0.02,0.0,1.0,400,0.239,130.5,88,0.026,1628.9,69.51
0.5,0.25,0.9,0.0001,-0.001,0.014,0.42,150.0,2.0,0.35,0.02,0.0,1.0,400,0.267,94.56,86,0.036,1593.0,69.04
0.6,0.25,0.8,0.0001,-0.001,0.014,0.38,150.0,2.0,0.35,0.02,0.0,1.0,400,0.265,64.05,86,0.04,1562.4,69.54
0.525,0.25,0.8,0.0001,-0.001,0.01,0.32,150.0,2.0,0.35,0.02,0.0,1.0,400,0.426,19.63,52,0.044,1114.6,69.54
0.625,0.25,0.6,0.0001,-0.001,0.01,0.34,150.0,2.0,0.35,0.02,0.0,1.0,400,0.397,4.62,26,0.043,1099.5,69.83
0.65,0.45,0.9,0.0001,-0.001,0.008,0.42,150.0,2.0,0.35,0.02,0.0,1.0,400,0.435,22.69,41,0.046,915.9,69.59
0.7,0.25,0.5,0.0001,-0.001,0.008,0.42,150.0,2.0,0.35,0.02,0.0,1.0,400,0.0,0.05,0,0.0,893.3,69.72
0.625,0.45,0.8,0.0001,-0.001,0.008,0.42,150.0,2.0,0.35,0.02,0.0,1.0,400,0.414,16.82,39,0.04,910.1,69.95
0.65,0.45,0.9,0.0001,-0.001,0.013,0.4,150.0,2.0,0.35,0.02,0.0,1.0,400,0.24,110.32,88,0.028,1506.8,69.34
0.625,0.65,0.8,0.0001,-0.001,0.009,0.3,150.0,2.0,0.35,0.02,0.0,1.0,400,0.43,105.85,63,0.03,1099.6,69.3
0.525,0.35,0.9,0.0001,-0.001,0.009,0.32,150.0,2.0,0.35,0.02,0.0,1.0,400,0.428,28.1,52,0.039,1021.8,68.94
0.625,0.25,0.5,0.0001,-0.001,0.011,0.4,150.0,2.0,0.35,0.02,0.0,1.0,400,0.447,3.46,17,0.069,1198.1,69.56
0.7,0.35,0.9,0.0001,-0.001,0.013,0.3,150.0,2.0,0.35,0.02,0.0,1.0,400,0.35,79.3,76,0.042,1475.8,69.67
0.675,0.35,0.6,0.0001,-0.001,0.011,0.4,150.0,2.0,0.35,0.02,0.0,1.0,400,0.451,17.99,31,0.058,1212.7,69.11
0.625,0.25,0.4,0.0001,-0.001,0.01,0.32,150.0,2.0,0.35,0.02,0.0,1.0,400,0.634,0.2,6,0.167,1095.1,69.01
0.6,0.25,0.4,0.0001,-0.001,0.014,0.42,150.0,2.0,0.35,0.02,0.0,1.0,400,0.449,11.54,25,0.062,1509.9,69.22
0.65,0.25,0.5,0.0001,-0.001,0.012,0.38,150.0,2.0,0.35,0.02,0.0,1.0,400,0.468,6.92,21,0.076,1302.7,69.33
0.5,0.25,0.8,0.0001,-0.001,0.011,0.42,150.0,2.0,0.35,0.02,0.0,1.0,400,0.45,31.05,51,0.048,1225.7,69.27
0.55,0.25,0.8,0.0001,-0.001,0.014,0.32,150.0,2.0,0.35,0.02,0.0,1.0,400,0.323,68.05,78,0.038,1566.4,68.99
0.575,0.35,0.8,0.0001,-0.001,0.011,0.34,150.0,2.0,0.35,0.02,0.0,1.0,400,0.376,44.44,70,0.042,1239.1,68.97
0.525,0.45,0.7,0.0001,-0.001,0.012,0.36,150.0,2.0,0.35,0.02,0.0,1.0,400,0.333,87.43,74,0.024,1383.2,69.37
0.6,0.25,0.4,0.0001,-0.001,0.011,0.3,150.0,2.0,0.35,0.02,0.0,1.0,400,0.636,1.05,6,0.167,1195.7,70.64
0.575,0.35,0.9,0.0001,-0.001,0.013,0.4,150.0,2.0,0.35,0.02,0.0,1.0,400,0.27,92.18,85,0.033,1488.7,70.7
0.65,0.25,0.7,0.0001,-0.001,0.009,0.38,150.0,2.0,0.35,0.02,0.0,1.0,400,0.41,4.75,25,0.049,998.5,69.24
0.55,0.45,0.9,0.0001,-0.001,0.012,0.42,150.0,2.0,0.35,0.02,0.0,1.0,400,0.271,104.03,82,0.022,1399.8,69.18
0.5,0.45,0.8,0.0001,-0.001,0.012,0.36,150.0,2.0,0.35,0.02,0.0,1.0,400,0.313,97.18,77,0.025,1392.9,69.41
0.5,0.45,0.9,0.0001,-0.001,0.009,0.4,150.0,2.0,0.35,0.02,0.0,1.0,400,0.423,42.52,59,0.029,1036.2,69.09
0.525,0.35,0.9,0.0001,-0.001,0.008,0.4,150.0,2.0,0.35,0.02,0.0,1.0,400,0.424,15.55,38,0.046,908.8,69.31
0.675,0.35,0.6,0.0001,-0.001,0.008,0.42,150.0,2.0,0.35,0.02,0.0,1.0,400,0.473,1.86,13,0.084,895.1,69.39
0.5,0.25,0.8,0.0001,-0.001,0.013,0.42,150.0,2.0,0.35,0.02,0.0,1.0,400,0.328,58.24,78,0.043,1454.7,69.33
0.575,0.35,0.7,0.0001,-0.001,0.008,0.38,150.0,2.0,0.35,0.02,0.0,1.0,400,0.426,4.67,27,0.057,897.9,69.79
0.7,0.35,0.9,0.0001,-0.001,0.011,0.38,150.0,2.0,0.35,0.02,0.0,1.0,400,0.326,46.99,73,0.027,1241.7,69.34
0.525,0.25,0.9,0.0001,-0.001,0.011,0.36,150.0,2.0,0.35,0.02,0.0,1.0,400,0.352,43.53,72,0.038,1238.2,69.12
0.5,0.55,0.9,0.0001,-0.001,0.01,0.32,150.0,2.0,0.35,0.02,0.0,1.0,400,0.273,88.14,81,0.021,1183.1,69.45
0.525,0.65,0.8,0.0001,-0.001,0.01,0.34,150.0,2.0,0.35,0.02,0.0,1.0,400,0.266,158.72,82,0.017,1253.6,69.43
0.525,0.25,0.4,0.0001,-0.001,0.008,0.38,150.0,2.0,0.35,0.02,0.0,1.0,400,0.0,0.0,0,0.0,893.2,69.08
0.5,0.55,0.8,0.0001,-0.001,0.014,0.3,150.0,2.0,0.35,0.02,0.0,1.0,400,0.22,205.56,90,0.023,1704.0,69.19
0.7,0.55,0.8,0.0001,-0.001,0.013,0.3,150.0,2.0,0.35,0.02,0.0,1.0,400,0.255,148.97,85,0.023,1545.5,69.36
0.7,0.25,0.6,0.0001,-0.001,0.012,0.4,150.0,2.0,0.35,0.02,0.0,1.0,400,0.44,12.63,40,0.056,1308.4,69.26
0.7,0.45,0.8,0.0001,-0.001,0.013,0.3,150.0,2.0,0.35,0.02,0.0,1.0,400,0.277,94.56,85,0.037,1491.0,68.95
0.675,0.35,0.6,0.0001,-0.001,0.012,0.38,150.0,2.0,0.35,0.02,0.0,1.0,400,0.412,28.57,48,0.03,1324.3,69.13
0.55,0.35,0.5,0.0001,-0.001,0.014,0.32,150.0,2.0,0.35,0.02,0.0,1.0,400,0.418,64.68,61,0.023,1563.1,68.89
0.525,0.25,0.9,0.0001,-0.001,0.011,0.32,150.0,2.0,0.35,0.02,0.0,1.0,400,0.4,43.7,67,0.043,1238.4,68.99
0.675,0.25,0.6,0.0001,-0.001,0.014,0.42,150.0,2.0,0.35,0.02,0.0,1.0,400,0.452,27.85,56,0.051,1526.2,69.35
0.7,0.25,0.7,0.0001,-0.001,0.014,0.42,150.0,2.0,0.35,0.02,0.0,1.0,400,0.33,40.2,74,0.036,1538.6,69.02
0.675,0.65,0.9,0.0001,-0.001,0.008,0.32,150.0,2.0,0.35,0.02,0.0,1.0,400,0.42,67.39,61,0.023,960.6,69.47
0.525,0.55,0.8,0.0001,-0.001,0.012,0.36,150.0,2.0,0.35,0.02,0.0,1.0,400,0.234,144.37,87,0.019,1440.1,70.87
0.55,0.35,0.5,0.0001,-0.001,0.009,0.42,150.0,2.0,0.35,0.02,0.0,1.0,400,0.46,3.68,14,0.076,997.4,70.57
0.7,0.25,0.5,0.0001,-0.001,0.008,0.38,150.0,2.0,0.35,0.02,0.0,1.0,400,0.0,0.05,0,0.0,893.3,69.68
0.65,0.25,0.5,0.0001,-0.001,0.011,0.36,150.0,2.0,0.35,0.02,0.0,1.0,400,0.464,3.36,16,0.078,1198.0,69.49
0.5,0.35,0.6,0.0001,-0.001,0.011,0.38,150.0,2.0,0.35,0.02,0.0,1.0,400,0.429,22.01,42,0.044,1216.7,69.78
0.675,0.25,0.5,0.0001,-0.001,0.009,0.32,150.0,2.0,0.35,0.02,0.0,1.0,400,0.622,0.51,7,0.16,994.2,69.7
0.65,0.35,0.5,0.0001,-0.001,0.008,0.3,150.0,2.0,0.35,0.02,0.0,1.0,400,0.524,0.78,9,0.111,894.0,69.54
0.65,0.55,0.9,0.0001,-0.001,0.012,0.4,150.0,2.0,0.35,0.02,0.0,1.0,400,0.244,127.06,85,0.018,1422.8,69.69
0.575,0.35,0.5,0.0001,-0.001,0.011,0.36,150.0,2.0,0.35,0.02,0.0,1.0,400,0.426,15.73,25,0.047,1210.4,69.95
0.525,0.45,0.7,0.0001,-0.001,0.014,0.36,150.0,2.0,0.35,0.02,0.0,1.0,400,0.216,139.9,89,0.018,1638.3,70.01
0.7,0.25,0.8,0.0001,-0.001,0.009,0.36,150.0,2.0,0.35,0.02,0.0,1.0,400,0.465,9.08,32,0.072,1002.8,69.64
0.7,0.55,0.8,0.0001,-0.001,0.014,0.36,150.0,2.0,0.35,0.02,0.0,1.0,400,0.24,163.92,88,0.026,1662.3,70.01
0.675,0.25,0.4,0.0001,-0.001,0.009,0.4,150.0,2.0,0.35,0.02,0.0,1.0,400,0.0,0.02,0,0.0,993.7,69.69
0.6,0.45,0.9,0.0001,-0.001,0.014,0.42,150.0,2.0,0.35,0.02,0.0,1.0,400,0.191,139.74,94,0.025,1638.1,69.87
0.6,0.35,0.7,0.0001,-0.001,0.013,0.38,150.0,2.0,0.35,0.02,0.0,1.0,400,0.332,58.38,75,0.034,1454.9,69.67
0.7,0.35,0.8,0.0001,-0.001,0.012,0.36,150.0,2.0,0.35,0.02,0.0,1.0,400,0.34,51.47,73,0.033,1347.2,69.77
0.55,0.25,0.6,0.0001,-0.001,0.014,0.3,150.0,2.0,0.35,0.02,0.0,1.0,400,0.439,33.16,56,0.041,1531.6,69.96
0.525,0.65,0.9,0.0001,-0.001,0.009,0.34,150.0,2.0,0.35,0.02,0.0,1.0,400,0.32,118.88,75,0.019,1112.6,69.62
0.5,0.35,0.6,0.0001,-0.001,0.009,0.42,150.0,2.0,0.35,0.02,0.0,1.0,400,0.4,7.36,28,0.042,1001.1,69.78
0.6,0.25,0.5,0.0001,-0.001,0.009,0.32,150.0,2.0,0.35,0.02,0.0,1.0,400,0.523,0.43,10,0.111,994.2,69.39
0.55,0.35,0.9,0.0001,-0.001,0.01,0.3,150.0,2.0,0.35,0.02,0.0,1.0,400,0.369,41.22,69,0.036,1136.1,69.81
0.6,0.25,0.9,0.0001,-0.001,0.008,0.3,150.0,2.0,0.35,0.02,0.0,1.0,400,0.415,8.57,34,0.048,901.8,69.84
0.575,0.55,0.9,0.0001,-0.001,0.012,0.38,150.0,2.0,0.35,0.02,0.0,1.0,400,0.256,141.09,86,0.027,1436.8,69.64
0.65,0.45,0.7,0.0001,-0.001,0.008,0.38,150.0,2.0,0.35,0.02,0.0,1.0,400,0.407,12.5,32,0.04,905.7,69.44
0.6,0.45,0.7,0.0001,-0.001,0.01,0.4,150.0,2.0,0.35,0.02,0.0,1.0,400,0.441,35.47,49,0.041,1130.4,69.71
0.6,0.65,0.8,0.0001,-0.001,0.008,0.32,150.0,2.0,0.35,0.02,0.0,1.0,400,0.429,75.14,57,0.022,968.4,69.63
0.5,0.65,0.8,0.0001,-0.001,0.008,0.36,150.0,2.0,0.35,0.02,0.0,1.0,400,0.434,80.38,50,0.024,973.6,69.39
0.65,0.35,0.5,0.0001,-0.001,0.011,0.32,150.0,2.0,0.35,0.02,0.0,1.0,400,0.418,15.47,27,0.043,1210.1,69.89
0.65,0.35,0.9,0.0001,-0.001,0.011,0.38,150.0,2.0,0.35,0.02,0.0,1.0,400,0.309,50.12,77,0.033,1244.8,69.4
0.625,0.25,0.7,0.0001,-0.001,0.009,0.3,150.0,2.0,0.35,0.02,0.0,1.0,400,0.416,4.96,26,0.052,998.7,69.62
0.5,0.45,0.9,0.0001,-0.001,0.013,0.36,150.0,2.0,0.35,0.02,0.0,1.0,400,0.228,136.32,89,0.024,1532.8,69.34
0.55,0.25,0.5,0.0001,-0.001,0.012,0.34,150.0,2.0,0.35,0.02,0.0,1.0,400,0.475,8.27,18,0.078,1304.0,69.31
0.675,0.25,0.4,0.0001,-0.001,0.012,0.38,150.0,2.0,0.35,0.02,0.0,1.0,400,0.472,2.11,12,0.083,1297.9,69.8
0.55,0.45,0.8,0.0001,-0.001,0.011,0.42,150.0,2.0,0.35,0.02,0.0,1.0,400,0.387,69.51,69,0.036,1264.2,69.87
0.55,0.25,0.8,0.0001,-0.001,0.008,0.38,150.0,2.0,0.35,0.02,0.0,1.0,400,0.429,4.58,24,0.059,897.8,69.79
0.575,0.55,0.8,0.0001,-0.001,0.009,0.38,150.0,2.0,0.35,0.02,0.0,1.0,400,0.428,50.4,61,0.032,1044.1,69.51
0.575,0.25,0.9,0.0001,-0.001,0.01,0.38,150.0,2.0,0.35,0.02,0.0,1.0,400,0.435,27.73,55,0.043,1122.7,69.56
0.6,0.25,0.5,0.0001,-0.001,0.01,0.34,150.0,2.0,0.35,0.02,0.0,1.0,400,0.498,1.49,11,0.097,1096.4,69.38
0.675,0.55,0.9,0.0001,-0.001,0.014,0.42,150.0,2.0,0.35,0.02,0.0,1.0,400,0.186,165.68,93,0.018,1664.1,69.52
0.55,0.25,0.8,0.0001,-0.001,0.014,0.36,150.0,2.0,0.35,0.02,0.0,1.0,400,0.314,69.15,78,0.033,1567.6,69.43
0.5,0.65,0.8,0.0001,-0.001,0.014,0.3,150.0,2.0,0.35,0.02,0.0,1.0,400,0.224,325.29,88,0.017,1823.7,69.83
0.675,0.25,0.5,0.0001,-0.001,0.014,0.32,150.0,2.0,0.35,0.02,0.0,1.0,400,0.48,16.39,40,0.073,1514.8,69.47
0.5,0.35,0.6,0.0001,-0.001,0.011,0.4,150.0,2.0,0.35,0.02,0.0,1.0,400,0.424,22.27,43,0.041,1216.9,69.28
0.525,0.25,0.9,0.0001,-0.001,0.011,0.34,150.0,2.0,0.35,0.02,0.0,1.0,400,0.43,43.77,64,0.047,1238.4,69.38
0.575,0.35,0.7,0.0001,-0.001,0.013,0.38,150.0,2.0,0.35,0.02,0.0,1.0,400,0.31,61.66,76,0.026,1458.2,69.68
0.675,0.45,0.7,0.0001,-0.001,0.009,0.42,150.0,2.0,0.35,0.02,0.0,1.0,400,0.406,23.02,45,0.031,1016.7,69.93
0.6,0.55,0.9,0.0001,-0.001,0.011,0.32,150.0,2.0,0.35,0.02,0.0,1.0,400,0.239,105.78,86,0.02,1300.5,69.64
0.65,0.35,0.5,0.0001,-0.001,0.014,0.42,150.0,2.0,0.35,0.02,0.0,1.0,400,0.431,63.34,54,0.026,1561.7,69.65
0.5,0.25,0.7,0.0001,-0.001,0.009,0.34,150.0,2.0,0.35,0.02,0.0,1.0,400,0.425,6.0,30,0.056,999.7,69.66
0.675,0.35,0.5,0.0001,-0.001,0.014,0.32,150.0,2.0,0.35,0.02,0.0,1.0,400,0.426,61.87,56,0.024,1560.3,69.54
0.625,0.35,0.5,0.0001,-0.001,0.01,0.4,150.0,2.0,0.35,0.02,0.0,1.0,400,0.437,8.4,19,0.059,1103.3,69.79
0.7,0.25,0.7,0.0001,-0.001,0.008,0.32,150.0,2.0,0.35,0.02,0.0,1.0,400,0.434,1.57,22,0.065,894.8,69.82
0.6,0.45,0.8,0.0001,-0.001,0.008,0.34,150.0,2.0,0.35,0.02,0.0,1.0,400,0.405,17.31,46,0.035,910.5,69.31
0.7,0.25,0.8,0.0001,-0.001,0.012,0.36,150.0,2.0,0.35,0.02,0.0,1.0,400,0.478,34.12,59,0.06,1329.9,69.78
0.5,0.45,0.9,0.0001,-0.001,0.01,0.34,150.0,2.0,0.35,0.02,0.0,1.0,400,0.306,63.58,78,0.031,1158.5,69.3
0.575,0.65,0.9,0.0001,-0.001,0.012,0.32,150.0,2.0,0.35,0.02,0.0,1.0,400,0.191,205.77,93,0.02,1501.5,69.13
0.65,0.45,0.8,0.0001,-0.001,0.009,0.42,150.0,2.0,0.35,0.02,0.0,1.0,400,0.454,29.26,45,0.051,1023.0,83.31
0.5,0.45,0.8,0.0001,-0.001,0.01,0.34,150.0,2.0,0.35,0.02,0.0,1.0,400,0.384,52.9,66,0.028,1147.8,78.26
0.55,0.25,0.5,0.0001,-0.001,0.014,0.36,150.0,2.0,0.35,0.02,0.0,1.0,400,0.446,18.42,43,0.055,1516.8,69.49
0.55,0.45,0.7,0.0001,-0.001,0.013,0.42,150.0,2.0,0.35,0.02,0.0,1.0,400,0.319,109.86,76,0.022,1506.3,69.27
0.675,0.45,0.7,0.0001,-0.001,0.009,0.3,150.0,2.0,0.35,0.02,0.0,1.0,400,0.409,22.48,44,0.033,1016.2,69.93
0.525,0.25,0.7,0.0001,-0.001,0.012,0.32,150.0,2.0,0.35,0.02,0.0,1.0,400,0.407,27.98,62,0.036,1323.7,70.49
0.7,0.35,0.8,0.0001,-0.001,0.01,0.3,150.0,2.0,0.35,0.02,0.0,1.0,400,0.447,26.21,52,0.049,1121.1,69.88
0.6,0.45,0.9,0.0001,-0.001,0.014,0.34,150.0,2.0,0.35,0.02,0.0,1.0,400,0.208,136.36,92,0.026,1634.8,69.37
0.6,0.25,0.8,0.0001,-0.001,0.014,0.36,150.0,2.0,0.35,0.02,0.0,1.0,400,0.328,63.42,77,0.038,1561.8,69.22
0.5,0.25,0.7,0.0001,-0.001,0.01,0.32,150.0,2.0,0.35,0.02,0.0,1.0,400,0.436,11.89,35,0.055,1106.8,69.4
0.625,0.35,0.7,0.0001,-0.001,0.009,0.42,150.0,2.0,0.35,0.02,0.0,1.0,400,0.41,10.72,28,0.043,1004.4,69.13
0.5,0.35,0.6,0.0001,-0.001,0.011,0.3,150.0,2.0,0.35,0.02,0.0,1.0,400,0.413,22.42,46,0.035,1217.1,69.43
0.5,0.25,0.9,0.0001,-0.001,0.008,0.42,150.0,2.0,0.35,0.02,0.0,1.0,400,0.394,9.8,37,0.036,903.0,69.09
0.525,0.65,0.9,0.0001,-0.001,0.012,0.42,150.0,2.0,0.35,0.02,0.0,1.0,400,0.248,212.6,85,0.018,1508.3,69.9
0.675,0.45,0.7,0.0001,-0.001,0.014,0.42,150.0,2.0,0.35,0.02,0.0,1.0,400,0.277,109.5,81,0.021,1607.9,69.87
0.675,0.45,0.8,0.0001,-0.001,0.008,0.34,150.0,2.0,0.35,0.02,0.0,1.0,400,0.415,15.56,46,0.041,908.8,69.16
0.575,0.35,0.9,0.0001,-0.001,0.008,0.4,150.0,2.0,0.35,0.02,0.0,1.0,400,0.403,14.35,43,0.037,907.6,70.1
0.5,0.25,0.8,0.0001,-0.001,0.013,0.3,150.0,2.0,0.35,0.02,0.0,1.0,400,0.382,58.12,71,0.044,1454.6,69.88
0.65,0.45,0.8,0.0001,-0.001,0.011,0.32,150.0,2.0,0.35,0.02,0.0,1.0,400,0.296,59.52,77,0.023,1254.2,69.93
0.5,0.35,0.5,0.0001,-0.001,0.009,0.36,150.0,2.0,0.35,0.02,0.0,1.0,400,0.431,3.33,17,0.062,997.1,69.86
0.625,0.55,0.9,0.0001,-0.001,0.014,0.34,150.0,2.0,0.35,0.02,0.0,1.0,400,0.206,171.18,91,0.02,1669.6,69.49
0.55,0.55,0.8,0.0001,-0.001,0.011,0.32,150.0,2.0,0.35,0.02,0.0,1.0,400,0.347,109.57,74,0.029,1304.2,69.43
0.575,0.55,0.8,0.0001,-0.001,0.013,0.3,150.0,2.0,0.35,0.02,0.0,1.0,400,0.242,170.78,86,0.019,1567.3,70.93
0.5,0.25,0.5,0.0001,-0.001,0.01,0.36,150.0,2.0,0.35,0.02,0.0,1.0,400,0.527,1.78,10,0.111,1096.7,69.83
0.55,0.25,0.8,0.0001,-0.001,0.01,0.3,150.0,2.0,0.35,0.02,0.0,1.0,400,0.445,18.36,43,0.054,1113.3,69.44
0.55,0.55,0.9,0.0001,-0.001,0.01,0.4,150.0,2.0,0.35,0.02,0.0,1.0,400,0.284,82.7,80,0.023,1177.6,69.83
0.625,0.25,0.4,0.0001,-0.001,0.01,0.36,150.0,2.0,0.35,0.02,0.0,1.0,400,0.634,0.2,6,0.167,1095.1,69.7
0.7,0.55,0.8,0.0001,-0.001,0.012,0.3,150.0,2.0,0.35,0.02,0.0,1.0,400,0.281,123.94,81,0.022,1419.7,69.94
0.675,0.25,0.9,0.0001,-0.001,0.013,0.32,150.0,2.0,0.35,0.02,0.0,1.0,400,0.349,61.71,79,0.057,1458.2,69.82
0.6,0.35,0.6,0.0001,-0.001,0.008,0.36,150.0,2.0,0.35,0.02,0.0,1.0,400,0.555,2.02,9,0.125,895.3,69.74
0.7,0.25,0.8,0.0001,-0.001,0.013,0.34,150.0,2.0,0.35,0.02,0.0,1.0,400,0.387,44.91,69,0.044,1441.4,69.7
0.55,0.25,0.5,0.0001,-0.001,0.008,0.36,150.0,2.0,0.35,0.02,0.0,1.0,400,0.0,0.08,0,0.0,893.3,69.34
0.7,0.25,0.7,0.0001,-0.001,0.009,0.42,150.0,2.0,0.35,0.02,0.0,1.0,400,0.447,4.59,23,0.068,998.3,69.66
0.7,0.65,0.8,0.0001,-0.001,0.012,0.38,150.0,2.0,0.35,0.02,0.0,1.0,400,0.258,196.0,83,0.015,1491.8,69.27
0.6,0.65,0.9,0.0001,-0.001,0.012,0.36,150.0,2.0,0.35,0.02,0.0,1.0,400,0.199,198.86,91,0.016,1494.6,69.44
0.6,0.35,0.9,0.0001,-0.001,0.013,0.4,150.0,2.0,0.35,0.02,0.0,1.0,400,0.26,89.42,86,0.033,1485.9,69.61
0.55,0.65,0.8,0.0001,-0.001,0.011,0.38,150.0,2.0,0.35,0.02,0.0,1.0,400,0.301,195.38,78,0.018,1390.1,69.59
0.575,0.45,0.9,0.0001,-0.001,0.008,0.32,150.0,2.0,0.35,0.02,0.0,1.0,400,0.458,24.06,42,0.057,917.3,69.54
0.675,0.25,0.9,0.0001,-0.001,0.012,0.32,150.0,2.0,0.35,0.02,0.0,1.0,400,0.357,47.39,74,0.046,1343.1,69.7
0.7,0.25,0.7,0.0001,-0.001,0.011,0.4,150.0,2.0,0.35,0.02,0.0,1.0,400,0.461,14.59,41,0.065,1209.3,69.67
0.525,0.45,0.8,0.0001,-0.001,0.012,0.3,150.0,2.0,0.35,0.02,0.0,1.0,400,0.298,98.43,79,0.024,1394.2,71.5
0.55,0.35,0.8,0.0001,-0.001,0.011,0.32,150.0,2.0,0.35,0.02,0.0,1.0,400,0.405,43.5,66,0.042,1238.2,69.33
0.575,0.35,0.6,0.0001,-0.001,0.009,0.3,150.0,2.0,0.35,0.02,0.0,1.0,400,0.445,6.44,22,0.065,1000.2,70.01
0.575,0.65,0.8,0.0001,-0.001,0.014,0.34,150.0,2.0,0.35,0.02,0.0,1.0,400,0.247,305.86,85,0.018,1804.3,69.56
0.7,0.65,0.8,0.0001,-0.001,0.014,0.32,150.0,2.0,0.35,0.02,0.0,1.0,400,0.204,287.75,90,0.015,1786.1,69.33
0.7,0.45,0.7,0.0001,-0.001,0.011,0.34,150.0,2.0,0.35,0.02,0.0,1.0,400,0.465,50.25,56,0.046,1244.9,69.35
0.6,0.35,0.7,0.0001,-0.001,0.012,0.42,150.0,2.0,0.35,0.02,0.0,1.0,400,0.433,43.48,63,0.045,1339.2,69.44
0.625,0.25,0.6,0.0001,-0.001,0.014,0.32,150.0,2.0,0.35,0.02,0.0,1.0,400,0.462,29.6,61,0.059,1528.0,69.54
0.7,0.25,0.8,0.0001,-0.001,0.009,0.42,150.0,2.0,0.35,0.02,0.0,1.0,400,0.46,9.04,33,0.07,1002.8,69.9
0.625,0.25,0.8,0.0001,-0.001,0.009,0.38,150.0,2.0,0.35,0.02,0.0,1.0,400,0.433,9.98,31,0.056,1003.7,69.92
0.675,0.45,0.9,0.0001,-0.001,0.011,0.4,150.0,2.0,0.35,0.02,0.0,1.0,400,0.242,69.13,85,0.024,1263.8,69.73
0.575,0.35,0.9,0.0001,-0.001,0.013,0.42,150.0,2.0,0.35,0.02,0.0,1.0,400,0.211,92.11,92,0.03,1488.6,69.83
0.5,0.35,0.9,0.0001,-0.001,0.008,0.4,150.0,2.0,0.35,0.02,0.0,1.0,400,0.435,16.14,34,0.051,909.4,69.68
0.675,0.25,0.8,0.0001,-0.001,0.014,0.36,150.0,2.0,0.35,0.02,0.0,1.0,400,0.267,58.43,84,0.035,1556.8,69.61
0.675,0.45,0.9,0.0001,-0.001,0.014,0.32,150.0,2.0,0.35,0.02,0.0,1.0,400,0.228,124.46,88,0.021,1622.9,69.35
0.675,0.35,0.9,0.0001,-0.001,0.013,0.3,150.0,2.0,0.35,0.02,0.0,1.0,400,0.292,80.59,83,0.039,1477.1,69.44
0.7,0.35,0.6,0.0001,-0.001,0.012,0.34,150.0,2.0,0.35,0.02,0.0,1.0,400,0.418,26.74,49,0.035,1322.5,69.49
0.65,0.65,0.8,0.0001,-0.001,0.008,0.38,150.0,2.0,0.35,0.02,0.0,1.0,400,0.428,73.26,55,0.022,966.5,69.23
0.675,0.35,0.9,0.0001,-0.001,0.011,0.42,150.0,2.0,0.35,0.02,0.0,1.0,400,0.346,48.7,73,0.037,1243.4,69.26
0.575,0.35,0.6,0.0001,-0.001,0.013,0.34,150.0,2.0,0.35,0.02,0.0,1.0,400,0.367,41.69,66,0.023,1438.2,69.93
0.65,0.35,0.5,0.0001,-0.001,0.011,0.38,150.0,2.0,0.35,0.02,0.0,1.0,400,0.417,16.61,28,0.041,1211.3,69.56
0.5,0.25,0.8,0.0001,-0.001,0.012,0.38,150.0,2.0,0.35,0.02,0.0,1.0,400,0.458,43.98,63,0.057,1339.7,69.94
0.625,0.25,0.6,0.0001,-0.001,0.008,0.42,150.0,2.0,0.35,0.02,0.0,1.0,400,0.541,0.4,10,0.12,893.6,69.89
0.6,0.35,0.8,0.0001,-0.001,0.009,0.34,150.0,2.0,0.35,0.02,0.0,1.0,400,0.478,17.08,38,0.072,1010.8,70.26
0.525,0.35,0.8,0.0001,-0.001,0.011,0.36,150.0,2.0,0.35,0.02,0.0,1.0,400,0.407,46.38,65,0.038,1241.1,70.1
0.65,0.25,0.5,0.0001,-0.001,0.009,0.34,150.0,2.0,0.35,0.02,0.0,1.0,400,0.551,0.52,9,0.125,994.2,69.95
0.5,0.55,0.8,0.0001,-0.001,0.01,0.36,150.0,2.0,0.35,0.02,0.0,1.0,400,0.334,86.0,73,0.021,1180.9,69.92
0.675,0.25,0.4,0.0001,-0.001,0.014,0.3,150.0,2.0,0.35,0.02,0.0,1.0,400,0.472,10.45,28,0.075,1508.9,69.95
0.7,0.55,0.9,0.0001,-0.001,0.014,0.4,150.0,2.0,0.35,0.02,0.0,1.0,400,0.163,158.32,96,0.018,1656.7,69.63
0.5,0.25,0.6,0.0001,-0.001,0.01,0.34,150.0,2.0,0.35,0.02,0.0,1.0,400,0.414,5.36,24,0.051,1100.3,69.51
0.675,0.25,0.6,0.0001,-0.001,0.011,0.42,150.0,2.0,0.35,0.02,0.0,1.0,400,0.433,8.44,26,0.057,1203.1,69.38
0.625,0.45,0.7,0.0001,-0.001,0.014,0.34,150.0,2.0,0.35,0.02,0.0,1.0,400,0.221,126.89,88,0.018,1625.3,69.91
0.7,0.25,0.6,0.0001,-0.001,0.013,0.32,150.0,2.0,0.35,0.02,0.0,1.0,400,0.429,19.59,58,0.045,1416.1,70.59
0.65,0.55,0.8,0.0001,-0.001,0.01,0.42,150.0,2.0,0.35,0.02,0.0,1.0,400,0.294,72.04,78,0.023,1167.0,70.32
0.625,0.45,0.8,0.0001,-0.001,0.013,0.34,150.0,2.0,0.35,0.02,0.0,1.0,400,0.262,100.5,85,0.029,1497.0,70.63
